Metric,Value
Accuracy,0.993421052631579
Precision,0.987012987012987
Recall,1.0
f1_score,0.9934640522875817
