Fold,ROC_AUC
1,0.9998653431825177
2,1.0
3,0.9999227142746735
4,1.0
5,0.9999613571373366
