Model,RMSE,MAE,R2
Decision Tree,0.2347790249993665,0.15243004174597238,0.8760636029256189
Random Forest,0.1885961984127515,0.11314060724092108,0.9200264921305581
